"PageId","ParentPageId","ForeignId","ForeignParentId","Rank","Source","Order","SortModeForChildren"
"200000","0",,,,,,
"210000","0",,,,,,
"220000","0",,,,,,
"230000","0",,,,,,
"240000","0",,,,,,
"250000","0",,,,,,
"260000","0",,,,,,
"270000","0",,,,,,
"280000","0",,,,,,
"290000","0",,,,,,
"300000","0",,,,,,
"310000","0",,,,,,
"201000","200000",,,,,,
"202000","200000",,,,,,
"203000","200000",,,,,,
"204000","200000",,,,,,
"205000","200000",,,,,,
"206000","200000",,,,,,
"207000","200000",,,,,,
"208000","200000",,,,,,
"209000","200000",,,,,,
"210000","200000",,,,,,
"201100","201000",,,,,,
"201200","201000",,,,,,
"201300","201000",,,,,,
"201400","201000",,,,,,
"201500","201000",,,,,,
"201600","201000",,,,,,
"201700","201000",,,,,,
"201800","201000",,,,,,
"202100","202000",,,,,,
"202200","202000",,,,,,
"202300","202000",,,,,,
"202400","202000",,,,,,
"202500","202000",,,,,,
"202600","202000",,,,,,
"202700","202000",,,,,,
"202800","202000",,,,,,
"203100","203000",,,,,,
"203200","203000",,,,,,
"203300","203000",,,,,,
"203400","203000",,,,,,
"203500","203000",,,,,,
"203600","203000",,,,,,
"203700","203000",,,,,,
"203800","203000",,,,,,
"204100","204000",,,,,,
"204200","204000",,,,,,
"204300","204000",,,,,,
"204400","204000",,,,,,
"204500","204000",,,,,,
"204600","204000",,,,,,
"204700","204000",,,,,,
"204800","204000",,,,,,
"205100","205000",,,,,,
"205200","205000",,,,,,
"205300","205000",,,,,,
"205400","205000",,,,,,
"205500","205000",,,,,,
"205600","205000",,,,,,
"205700","205000",,,,,,
"205800","205000",,,,,,
"206100","206000",,,,,,
"206200","206000",,,,,,
"206300","206000",,,,,,
"206400","206000",,,,,,
"206500","206000",,,,,,
"206600","206000",,,,,,
"206700","206000",,,,,,
"206800","206000",,,,,,
"207100","207000",,,,,,
"207200","207000",,,,,,
"207300","207000",,,,,,
"207400","207000",,,,,,
"207500","207000",,,,,,
"207600","207000",,,,,,
"207700","207000",,,,,,
"207800","207000",,,,,,
"208100","208000",,,,,,
"208200","208000",,,,,,
"208300","208000",,,,,,
"208400","208000",,,,,,
"208500","208000",,,,,,
"208600","208000",,,,,,
"208700","208000",,,,,,
"208800","208000",,,,,,
"209100","209000",,,,,,
"209200","209000",,,,,,
"209300","209000",,,,,,
"209400","209000",,,,,,
"209500","209000",,,,,,
"209600","209000",,,,,,
"209700","209000",,,,,,
"209800","209000",,,,,,
"210100","210000",,,,,,
"210200","210000",,,,,,
"210300","210000",,,,,,
"210400","210000",,,,,,
"210500","210000",,,,,,
"210600","210000",,,,,,
"210700","210000",,,,,,
"210800","210000",,,,,,
"211000","210000",,,,,,
"212000","210000",,,,,,
"213000","210000",,,,,,
"214000","210000",,,,,,
"215000","210000",,,,,,
"216000","210000",,,,,,
"217000","210000",,,,,,
"218000","210000",,,,,,
"219000","210000",,,,,,
"220000","210000",,,,,,
"211100","211000",,,,,,
"211200","211000",,,,,,
"211300","211000",,,,,,
"211400","211000",,,,,,
"211500","211000",,,,,,
"211600","211000",,,,,,
"211700","211000",,,,,,
"211800","211000",,,,,,
"212100","212000",,,,,,
"212200","212000",,,,,,
"212300","212000",,,,,,
"212400","212000",,,,,,
"212500","212000",,,,,,
"212600","212000",,,,,,
"212700","212000",,,,,,
"212800","212000",,,,,,
"213100","213000",,,,,,
"213200","213000",,,,,,
"213300","213000",,,,,,
"213400","213000",,,,,,
"213500","213000",,,,,,
"213600","213000",,,,,,
"213700","213000",,,,,,
"213800","213000",,,,,,
"214100","214000",,,,,,
"214200","214000",,,,,,
"214300","214000",,,,,,
"214400","214000",,,,,,
"214500","214000",,,,,,
"214600","214000",,,,,,
"214700","214000",,,,,,
"214800","214000",,,,,,
"215100","215000",,,,,,
"215200","215000",,,,,,
"215300","215000",,,,,,
"215400","215000",,,,,,
"215500","215000",,,,,,
"215600","215000",,,,,,
"215700","215000",,,,,,
"215800","215000",,,,,,
"216100","216000",,,,,,
"216200","216000",,,,,,
"216300","216000",,,,,,
"216400","216000",,,,,,
"216500","216000",,,,,,
"216600","216000",,,,,,
"216700","216000",,,,,,
"216800","216000",,,,,,
"217100","217000",,,,,,
"217200","217000",,,,,,
"217300","217000",,,,,,
"217400","217000",,,,,,
"217500","217000",,,,,,
"217600","217000",,,,,,
"217700","217000",,,,,,
"217800","217000",,,,,,
"218100","218000",,,,,,
"218200","218000",,,,,,
"218300","218000",,,,,,
"218400","218000",,,,,,
"218500","218000",,,,,,
"218600","218000",,,,,,
"218700","218000",,,,,,
"218800","218000",,,,,,
"219100","219000",,,,,,
"219200","219000",,,,,,
"219300","219000",,,,,,
"219400","219000",,,,,,
"219500","219000",,,,,,
"219600","219000",,,,,,
"219700","219000",,,,,,
"219800","219000",,,,,,
"220100","220000",,,,,,
"220200","220000",,,,,,
"220300","220000",,,,,,
"220400","220000",,,,,,
"220500","220000",,,,,,
"220600","220000",,,,,,
"220700","220000",,,,,,
"220800","220000",,,,,,
"221000","220000",,,,,,
"222000","220000",,,,,,
"223000","220000",,,,,,
"224000","220000",,,,,,
"225000","220000",,,,,,
"226000","220000",,,,,,
"227000","220000",,,,,,
"228000","220000",,,,,,
"229000","220000",,,,,,
"230000","220000",,,,,,
"221100","221000",,,,,,
"221200","221000",,,,,,
"221300","221000",,,,,,
"221400","221000",,,,,,
"221500","221000",,,,,,
"221600","221000",,,,,,
"221700","221000",,,,,,
"221800","221000",,,,,,
"222100","222000",,,,,,
"222200","222000",,,,,,
"222300","222000",,,,,,
"222400","222000",,,,,,
"222500","222000",,,,,,
"222600","222000",,,,,,
"222700","222000",,,,,,
"222800","222000",,,,,,
"223100","223000",,,,,,
"223200","223000",,,,,,
"223300","223000",,,,,,
"223400","223000",,,,,,
"223500","223000",,,,,,
"223600","223000",,,,,,
"223700","223000",,,,,,
"223800","223000",,,,,,
"224100","224000",,,,,,
"224200","224000",,,,,,
"224300","224000",,,,,,
"224400","224000",,,,,,
"224500","224000",,,,,,
"224600","224000",,,,,,
"224700","224000",,,,,,
"224800","224000",,,,,,
"225100","225000",,,,,,
"225200","225000",,,,,,
"225300","225000",,,,,,
"225400","225000",,,,,,
"225500","225000",,,,,,
"225600","225000",,,,,,
"225700","225000",,,,,,
"225800","225000",,,,,,
"226100","226000",,,,,,
"226200","226000",,,,,,
"226300","226000",,,,,,
"226400","226000",,,,,,
"226500","226000",,,,,,
"226600","226000",,,,,,
"226700","226000",,,,,,
"226800","226000",,,,,,
"227100","227000",,,,,,
"227200","227000",,,,,,
"227300","227000",,,,,,
"227400","227000",,,,,,
"227500","227000",,,,,,
"227600","227000",,,,,,
"227700","227000",,,,,,
"227800","227000",,,,,,
"228100","228000",,,,,,
"228200","228000",,,,,,
"228300","228000",,,,,,
"228400","228000",,,,,,
"228500","228000",,,,,,
"228600","228000",,,,,,
"228700","228000",,,,,,
"228800","228000",,,,,,
"229100","229000",,,,,,
"229200","229000",,,,,,
"229300","229000",,,,,,
"229400","229000",,,,,,
"229500","229000",,,,,,
"229600","229000",,,,,,
"229700","229000",,,,,,
"229800","229000",,,,,,
"230100","230000",,,,,,
"230200","230000",,,,,,
"230300","230000",,,,,,
"230400","230000",,,,,,
"230500","230000",,,,,,
"230600","230000",,,,,,
"230700","230000",,,,,,
"230800","230000",,,,,,
"231000","230000",,,,,,
"232000","230000",,,,,,
"233000","230000",,,,,,
"234000","230000",,,,,,
"235000","230000",,,,,,
"236000","230000",,,,,,
"237000","230000",,,,,,
"238000","230000",,,,,,
"239000","230000",,,,,,
"240000","230000",,,,,,
"231100","231000",,,,,,
"231200","231000",,,,,,
"231300","231000",,,,,,
"231400","231000",,,,,,
"231500","231000",,,,,,
"231600","231000",,,,,,
"231700","231000",,,,,,
"231800","231000",,,,,,
"232100","232000",,,,,,
"232200","232000",,,,,,
"232300","232000",,,,,,
"232400","232000",,,,,,
"232500","232000",,,,,,
"232600","232000",,,,,,
"232700","232000",,,,,,
"232800","232000",,,,,,
"233100","233000",,,,,,
"233200","233000",,,,,,
"233300","233000",,,,,,
"233400","233000",,,,,,
"233500","233000",,,,,,
"233600","233000",,,,,,
"233700","233000",,,,,,
"233800","233000",,,,,,
"234100","234000",,,,,,
"234200","234000",,,,,,
"234300","234000",,,,,,
"234400","234000",,,,,,
"234500","234000",,,,,,
"234600","234000",,,,,,
"234700","234000",,,,,,
"234800","234000",,,,,,
"235100","235000",,,,,,
"235200","235000",,,,,,
"235300","235000",,,,,,
"235400","235000",,,,,,
"235500","235000",,,,,,
"235600","235000",,,,,,
"235700","235000",,,,,,
"235800","235000",,,,,,
"236100","236000",,,,,,
"236200","236000",,,,,,
"236300","236000",,,,,,
"236400","236000",,,,,,
"236500","236000",,,,,,
"236600","236000",,,,,,
"236700","236000",,,,,,
"236800","236000",,,,,,
"237100","237000",,,,,,
"237200","237000",,,,,,
"237300","237000",,,,,,
"237400","237000",,,,,,
"237500","237000",,,,,,
"237600","237000",,,,,,
"237700","237000",,,,,,
"237800","237000",,,,,,
"238100","238000",,,,,,
"238200","238000",,,,,,
"238300","238000",,,,,,
"238400","238000",,,,,,
"238500","238000",,,,,,
"238600","238000",,,,,,
"238700","238000",,,,,,
"238800","238000",,,,,,
"239100","239000",,,,,,
"239200","239000",,,,,,
"239300","239000",,,,,,
"239400","239000",,,,,,
"239500","239000",,,,,,
"239600","239000",,,,,,
"239700","239000",,,,,,
"239800","239000",,,,,,
"240100","240000",,,,,,
"240200","240000",,,,,,
"240300","240000",,,,,,
"240400","240000",,,,,,
"240500","240000",,,,,,
"240600","240000",,,,,,
"240700","240000",,,,,,
"240800","240000",,,,,,
"241000","240000",,,,,,
"242000","240000",,,,,,
"243000","240000",,,,,,
"244000","240000",,,,,,
"245000","240000",,,,,,
"246000","240000",,,,,,
"247000","240000",,,,,,
"248000","240000",,,,,,
"249000","240000",,,,,,
"250000","240000",,,,,,
"241100","241000",,,,,,
"241200","241000",,,,,,
"241300","241000",,,,,,
"241400","241000",,,,,,
"241500","241000",,,,,,
"241600","241000",,,,,,
"241700","241000",,,,,,
"241800","241000",,,,,,
"242100","242000",,,,,,
"242200","242000",,,,,,
"242300","242000",,,,,,
"242400","242000",,,,,,
"242500","242000",,,,,,
"242600","242000",,,,,,
"242700","242000",,,,,,
"242800","242000",,,,,,
"243100","243000",,,,,,
"243200","243000",,,,,,
"243300","243000",,,,,,
"243400","243000",,,,,,
"243500","243000",,,,,,
"243600","243000",,,,,,
"243700","243000",,,,,,
"243800","243000",,,,,,
"244100","244000",,,,,,
"244200","244000",,,,,,
"244300","244000",,,,,,
"244400","244000",,,,,,
"244500","244000",,,,,,
"244600","244000",,,,,,
"244700","244000",,,,,,
"244800","244000",,,,,,
"245100","245000",,,,,,
"245200","245000",,,,,,
"245300","245000",,,,,,
"245400","245000",,,,,,
"245500","245000",,,,,,
"245600","245000",,,,,,
"245700","245000",,,,,,
"245800","245000",,,,,,
"246100","246000",,,,,,
"246200","246000",,,,,,
"246300","246000",,,,,,
"246400","246000",,,,,,
"246500","246000",,,,,,
"246600","246000",,,,,,
"246700","246000",,,,,,
"246800","246000",,,,,,
"247100","247000",,,,,,
"247200","247000",,,,,,
"247300","247000",,,,,,
"247400","247000",,,,,,
"247500","247000",,,,,,
"247600","247000",,,,,,
"247700","247000",,,,,,
"247800","247000",,,,,,
"248100","248000",,,,,,
"248200","248000",,,,,,
"248300","248000",,,,,,
"248400","248000",,,,,,
"248500","248000",,,,,,
"248600","248000",,,,,,
"248700","248000",,,,,,
"248800","248000",,,,,,
"249100","249000",,,,,,
"249200","249000",,,,,,
"249300","249000",,,,,,
"249400","249000",,,,,,
"249500","249000",,,,,,
"249600","249000",,,,,,
"249700","249000",,,,,,
"249800","249000",,,,,,
"250100","250000",,,,,,
"250200","250000",,,,,,
"250300","250000",,,,,,
"250400","250000",,,,,,
"250500","250000",,,,,,
"250600","250000",,,,,,
"250700","250000",,,,,,
"250800","250000",,,,,,
"251000","250000",,,,,,
"252000","250000",,,,,,
"253000","250000",,,,,,
"254000","250000",,,,,,
"255000","250000",,,,,,
"256000","250000",,,,,,
"257000","250000",,,,,,
"258000","250000",,,,,,
"259000","250000",,,,,,
"260000","250000",,,,,,
"251100","251000",,,,,,
"251200","251000",,,,,,
"251300","251000",,,,,,
"251400","251000",,,,,,
"251500","251000",,,,,,
"251600","251000",,,,,,
"251700","251000",,,,,,
"251800","251000",,,,,,
"252100","252000",,,,,,
"252200","252000",,,,,,
"252300","252000",,,,,,
"252400","252000",,,,,,
"252500","252000",,,,,,
"252600","252000",,,,,,
"252700","252000",,,,,,
"252800","252000",,,,,,
"253100","253000",,,,,,
"253200","253000",,,,,,
"253300","253000",,,,,,
"253400","253000",,,,,,
"253500","253000",,,,,,
"253600","253000",,,,,,
"253700","253000",,,,,,
"253800","253000",,,,,,
"254100","254000",,,,,,
"254200","254000",,,,,,
"254300","254000",,,,,,
"254400","254000",,,,,,
"254500","254000",,,,,,
"254600","254000",,,,,,
"254700","254000",,,,,,
"254800","254000",,,,,,
"255100","255000",,,,,,
"255200","255000",,,,,,
"255300","255000",,,,,,
"255400","255000",,,,,,
"255500","255000",,,,,,
"255600","255000",,,,,,
"255700","255000",,,,,,
"255800","255000",,,,,,
"256100","256000",,,,,,
"256200","256000",,,,,,
"256300","256000",,,,,,
"256400","256000",,,,,,
"256500","256000",,,,,,
"256600","256000",,,,,,
"256700","256000",,,,,,
"256800","256000",,,,,,
"257100","257000",,,,,,
"257200","257000",,,,,,
"257300","257000",,,,,,
"257400","257000",,,,,,
"257500","257000",,,,,,
"257600","257000",,,,,,
"257700","257000",,,,,,
"257800","257000",,,,,,
"258100","258000",,,,,,
"258200","258000",,,,,,
"258300","258000",,,,,,
"258400","258000",,,,,,
"258500","258000",,,,,,
"258600","258000",,,,,,
"258700","258000",,,,,,
"258800","258000",,,,,,
"259100","259000",,,,,,
"259200","259000",,,,,,
"259300","259000",,,,,,
"259400","259000",,,,,,
"259500","259000",,,,,,
"259600","259000",,,,,,
"259700","259000",,,,,,
"259800","259000",,,,,,
"260100","260000",,,,,,
"260200","260000",,,,,,
"260300","260000",,,,,,
"260400","260000",,,,,,
"260500","260000",,,,,,
"260600","260000",,,,,,
"260700","260000",,,,,,
"260800","260000",,,,,,
"261000","260000",,,,,,
"262000","260000",,,,,,
"263000","260000",,,,,,
"264000","260000",,,,,,
"265000","260000",,,,,,
"266000","260000",,,,,,
"267000","260000",,,,,,
"268000","260000",,,,,,
"269000","260000",,,,,,
"270000","260000",,,,,,
"261100","261000",,,,,,
"261200","261000",,,,,,
"261300","261000",,,,,,
"261400","261000",,,,,,
"261500","261000",,,,,,
"261600","261000",,,,,,
"261700","261000",,,,,,
"261800","261000",,,,,,
"262100","262000",,,,,,
"262200","262000",,,,,,
"262300","262000",,,,,,
"262400","262000",,,,,,
"262500","262000",,,,,,
"262600","262000",,,,,,
"262700","262000",,,,,,
"262800","262000",,,,,,
"263100","263000",,,,,,
"263200","263000",,,,,,
"263300","263000",,,,,,
"263400","263000",,,,,,
"263500","263000",,,,,,
"263600","263000",,,,,,
"263700","263000",,,,,,
"263800","263000",,,,,,
"264100","264000",,,,,,
"264200","264000",,,,,,
"264300","264000",,,,,,
"264400","264000",,,,,,
"264500","264000",,,,,,
"264600","264000",,,,,,
"264700","264000",,,,,,
"264800","264000",,,,,,
"265100","265000",,,,,,
"265200","265000",,,,,,
"265300","265000",,,,,,
"265400","265000",,,,,,
"265500","265000",,,,,,
"265600","265000",,,,,,
"265700","265000",,,,,,
"265800","265000",,,,,,
"266100","266000",,,,,,
"266200","266000",,,,,,
"266300","266000",,,,,,
"266400","266000",,,,,,
"266500","266000",,,,,,
"266600","266000",,,,,,
"266700","266000",,,,,,
"266800","266000",,,,,,
"267100","267000",,,,,,
"267200","267000",,,,,,
"267300","267000",,,,,,
"267400","267000",,,,,,
"267500","267000",,,,,,
"267600","267000",,,,,,
"267700","267000",,,,,,
"267800","267000",,,,,,
"268100","268000",,,,,,
"268200","268000",,,,,,
"268300","268000",,,,,,
"268400","268000",,,,,,
"268500","268000",,,,,,
"268600","268000",,,,,,
"268700","268000",,,,,,
"268800","268000",,,,,,
"269100","269000",,,,,,
"269200","269000",,,,,,
"269300","269000",,,,,,
"269400","269000",,,,,,
"269500","269000",,,,,,
"269600","269000",,,,,,
"269700","269000",,,,,,
"269800","269000",,,,,,
"270100","270000",,,,,,
"270200","270000",,,,,,
"270300","270000",,,,,,
"270400","270000",,,,,,
"270500","270000",,,,,,
"270600","270000",,,,,,
"270700","270000",,,,,,
"270800","270000",,,,,,
"271000","270000",,,,,,
"272000","270000",,,,,,
"273000","270000",,,,,,
"274000","270000",,,,,,
"275000","270000",,,,,,
"276000","270000",,,,,,
"277000","270000",,,,,,
"278000","270000",,,,,,
"279000","270000",,,,,,
"280000","270000",,,,,,
"271100","271000",,,,,,
"271200","271000",,,,,,
"271300","271000",,,,,,
"271400","271000",,,,,,
"271500","271000",,,,,,
"271600","271000",,,,,,
"271700","271000",,,,,,
"271800","271000",,,,,,
"272100","272000",,,,,,
"272200","272000",,,,,,
"272300","272000",,,,,,
"272400","272000",,,,,,
"272500","272000",,,,,,
"272600","272000",,,,,,
"272700","272000",,,,,,
"272800","272000",,,,,,
"273100","273000",,,,,,
"273200","273000",,,,,,
"273300","273000",,,,,,
"273400","273000",,,,,,
"273500","273000",,,,,,
"273600","273000",,,,,,
"273700","273000",,,,,,
"273800","273000",,,,,,
"274100","274000",,,,,,
"274200","274000",,,,,,
"274300","274000",,,,,,
"274400","274000",,,,,,
"274500","274000",,,,,,
"274600","274000",,,,,,
"274700","274000",,,,,,
"274800","274000",,,,,,
"275100","275000",,,,,,
"275200","275000",,,,,,
"275300","275000",,,,,,
"275400","275000",,,,,,
"275500","275000",,,,,,
"275600","275000",,,,,,
"275700","275000",,,,,,
"275800","275000",,,,,,
"276100","276000",,,,,,
"276200","276000",,,,,,
"276300","276000",,,,,,
"276400","276000",,,,,,
"276500","276000",,,,,,
"276600","276000",,,,,,
"276700","276000",,,,,,
"276800","276000",,,,,,
"277100","277000",,,,,,
"277200","277000",,,,,,
"277300","277000",,,,,,
"277400","277000",,,,,,
"277500","277000",,,,,,
"277600","277000",,,,,,
"277700","277000",,,,,,
"277800","277000",,,,,,
"278100","278000",,,,,,
"278200","278000",,,,,,
"278300","278000",,,,,,
"278400","278000",,,,,,
"278500","278000",,,,,,
"278600","278000",,,,,,
"278700","278000",,,,,,
"278800","278000",,,,,,
"279100","279000",,,,,,
"279200","279000",,,,,,
"279300","279000",,,,,,
"279400","279000",,,,,,
"279500","279000",,,,,,
"279600","279000",,,,,,
"279700","279000",,,,,,
"279800","279000",,,,,,
"280100","280000",,,,,,
"280200","280000",,,,,,
"280300","280000",,,,,,
"280400","280000",,,,,,
"280500","280000",,,,,,
"280600","280000",,,,,,
"280700","280000",,,,,,
"280800","280000",,,,,,
"281000","280000",,,,,,
"282000","280000",,,,,,
"283000","280000",,,,,,
"284000","280000",,,,,,
"285000","280000",,,,,,
"286000","280000",,,,,,
"287000","280000",,,,,,
"288000","280000",,,,,,
"289000","280000",,,,,,
"290000","280000",,,,,,
"281100","281000",,,,,,
"281200","281000",,,,,,
"281300","281000",,,,,,
"281400","281000",,,,,,
"281500","281000",,,,,,
"281600","281000",,,,,,
"281700","281000",,,,,,
"281800","281000",,,,,,
"282100","282000",,,,,,
"282200","282000",,,,,,
"282300","282000",,,,,,
"282400","282000",,,,,,
"282500","282000",,,,,,
"282600","282000",,,,,,
"282700","282000",,,,,,
"282800","282000",,,,,,
"283100","283000",,,,,,
"283200","283000",,,,,,
"283300","283000",,,,,,
"283400","283000",,,,,,
"283500","283000",,,,,,
"283600","283000",,,,,,
"283700","283000",,,,,,
"283800","283000",,,,,,
"284100","284000",,,,,,
"284200","284000",,,,,,
"284300","284000",,,,,,
"284400","284000",,,,,,
"284500","284000",,,,,,
"284600","284000",,,,,,
"284700","284000",,,,,,
"284800","284000",,,,,,
"285100","285000",,,,,,
"285200","285000",,,,,,
"285300","285000",,,,,,
"285400","285000",,,,,,
"285500","285000",,,,,,
"285600","285000",,,,,,
"285700","285000",,,,,,
"285800","285000",,,,,,
"286100","286000",,,,,,
"286200","286000",,,,,,
"286300","286000",,,,,,
"286400","286000",,,,,,
"286500","286000",,,,,,
"286600","286000",,,,,,
"286700","286000",,,,,,
"286800","286000",,,,,,
"287100","287000",,,,,,
"287200","287000",,,,,,
"287300","287000",,,,,,
"287400","287000",,,,,,
"287500","287000",,,,,,
"287600","287000",,,,,,
"287700","287000",,,,,,
"287800","287000",,,,,,
"288100","288000",,,,,,
"288200","288000",,,,,,
"288300","288000",,,,,,
"288400","288000",,,,,,
"288500","288000",,,,,,
"288600","288000",,,,,,
"288700","288000",,,,,,
"288800","288000",,,,,,
"289100","289000",,,,,,
"289200","289000",,,,,,
"289300","289000",,,,,,
"289400","289000",,,,,,
"289500","289000",,,,,,
"289600","289000",,,,,,
"289700","289000",,,,,,
"289800","289000",,,,,,
"290100","290000",,,,,,
"290200","290000",,,,,,
"290300","290000",,,,,,
"290400","290000",,,,,,
"290500","290000",,,,,,
"290600","290000",,,,,,
"290700","290000",,,,,,
"290800","290000",,,,,,
"291000","290000",,,,,,
"292000","290000",,,,,,
"293000","290000",,,,,,
"294000","290000",,,,,,
"295000","290000",,,,,,
"296000","290000",,,,,,
"297000","290000",,,,,,
"298000","290000",,,,,,
"299000","290000",,,,,,
"300000","290000",,,,,,
"291100","291000",,,,,,
"291200","291000",,,,,,
"291300","291000",,,,,,
"291400","291000",,,,,,
"291500","291000",,,,,,
"291600","291000",,,,,,
"291700","291000",,,,,,
"291800","291000",,,,,,
"292100","292000",,,,,,
"292200","292000",,,,,,
"292300","292000",,,,,,
"292400","292000",,,,,,
"292500","292000",,,,,,
"292600","292000",,,,,,
"292700","292000",,,,,,
"292800","292000",,,,,,
"293100","293000",,,,,,
"293200","293000",,,,,,
"293300","293000",,,,,,
"293400","293000",,,,,,
"293500","293000",,,,,,
"293600","293000",,,,,,
"293700","293000",,,,,,
"293800","293000",,,,,,
"294100","294000",,,,,,
"294200","294000",,,,,,
"294300","294000",,,,,,
"294400","294000",,,,,,
"294500","294000",,,,,,
"294600","294000",,,,,,
"294700","294000",,,,,,
"294800","294000",,,,,,
"295100","295000",,,,,,
"295200","295000",,,,,,
"295300","295000",,,,,,
"295400","295000",,,,,,
"295500","295000",,,,,,
"295600","295000",,,,,,
"295700","295000",,,,,,
"295800","295000",,,,,,
"296100","296000",,,,,,
"296200","296000",,,,,,
"296300","296000",,,,,,
"296400","296000",,,,,,
"296500","296000",,,,,,
"296600","296000",,,,,,
"296700","296000",,,,,,
"296800","296000",,,,,,
"297100","297000",,,,,,
"297200","297000",,,,,,
"297300","297000",,,,,,
"297400","297000",,,,,,
"297500","297000",,,,,,
"297600","297000",,,,,,
"297700","297000",,,,,,
"297800","297000",,,,,,
"298100","298000",,,,,,
"298200","298000",,,,,,
"298300","298000",,,,,,
"298400","298000",,,,,,
"298500","298000",,,,,,
"298600","298000",,,,,,
"298700","298000",,,,,,
"298800","298000",,,,,,
"299100","299000",,,,,,
"299200","299000",,,,,,
"299300","299000",,,,,,
"299400","299000",,,,,,
"299500","299000",,,,,,
"299600","299000",,,,,,
"299700","299000",,,,,,
"299800","299000",,,,,,
"300100","300000",,,,,,
"300200","300000",,,,,,
"300300","300000",,,,,,
"300400","300000",,,,,,
"300500","300000",,,,,,
"300600","300000",,,,,,
"300700","300000",,,,,,
"300800","300000",,,,,,
"301000","300000",,,,,,
"302000","300000",,,,,,
"303000","300000",,,,,,
"304000","300000",,,,,,
"305000","300000",,,,,,
"306000","300000",,,,,,
"307000","300000",,,,,,
"308000","300000",,,,,,
"309000","300000",,,,,,
"310000","300000",,,,,,
"301100","301000",,,,,,
"301200","301000",,,,,,
"301300","301000",,,,,,
"301400","301000",,,,,,
"301500","301000",,,,,,
"301600","301000",,,,,,
"301700","301000",,,,,,
"301800","301000",,,,,,
"302100","302000",,,,,,
"302200","302000",,,,,,
"302300","302000",,,,,,
"302400","302000",,,,,,
"302500","302000",,,,,,
"302600","302000",,,,,,
"302700","302000",,,,,,
"302800","302000",,,,,,
"303100","303000",,,,,,
"303200","303000",,,,,,
"303300","303000",,,,,,
"303400","303000",,,,,,
"303500","303000",,,,,,
"303600","303000",,,,,,
"303700","303000",,,,,,
"303800","303000",,,,,,
"304100","304000",,,,,,
"304200","304000",,,,,,
"304300","304000",,,,,,
"304400","304000",,,,,,
"304500","304000",,,,,,
"304600","304000",,,,,,
"304700","304000",,,,,,
"304800","304000",,,,,,
"305100","305000",,,,,,
"305200","305000",,,,,,
"305300","305000",,,,,,
"305400","305000",,,,,,
"305500","305000",,,,,,
"305600","305000",,,,,,
"305700","305000",,,,,,
"305800","305000",,,,,,
"306100","306000",,,,,,
"306200","306000",,,,,,
"306300","306000",,,,,,
"306400","306000",,,,,,
"306500","306000",,,,,,
"306600","306000",,,,,,
"306700","306000",,,,,,
"306800","306000",,,,,,
"307100","307000",,,,,,
"307200","307000",,,,,,
"307300","307000",,,,,,
"307400","307000",,,,,,
"307500","307000",,,,,,
"307600","307000",,,,,,
"307700","307000",,,,,,
"307800","307000",,,,,,
"308100","308000",,,,,,
"308200","308000",,,,,,
"308300","308000",,,,,,
"308400","308000",,,,,,
"308500","308000",,,,,,
"308600","308000",,,,,,
"308700","308000",,,,,,
"308800","308000",,,,,,
"309100","309000",,,,,,
"309200","309000",,,,,,
"309300","309000",,,,,,
"309400","309000",,,,,,
"309500","309000",,,,,,
"309600","309000",,,,,,
"309700","309000",,,,,,
"309800","309000",,,,,,
"310100","310000",,,,,,
"310200","310000",,,,,,
"310300","310000",,,,,,
"310400","310000",,,,,,
"310500","310000",,,,,,
"310600","310000",,,,,,
"310700","310000",,,,,,
"310800","310000",,,,,,
"311000","310000",,,,,,
"312000","310000",,,,,,
"313000","310000",,,,,,
"314000","310000",,,,,,
"315000","310000",,,,,,
"316000","310000",,,,,,
"317000","310000",,,,,,
"318000","310000",,,,,,
"319000","310000",,,,,,
"320000","310000",,,,,,
"311100","311000",,,,,,
"311200","311000",,,,,,
"311300","311000",,,,,,
"311400","311000",,,,,,
"311500","311000",,,,,,
"311600","311000",,,,,,
"311700","311000",,,,,,
"311800","311000",,,,,,
"312100","312000",,,,,,
"312200","312000",,,,,,
"312300","312000",,,,,,
"312400","312000",,,,,,
"312500","312000",,,,,,
"312600","312000",,,,,,
"312700","312000",,,,,,
"312800","312000",,,,,,
"313100","313000",,,,,,
"313200","313000",,,,,,
"313300","313000",,,,,,
"313400","313000",,,,,,
"313500","313000",,,,,,
"313600","313000",,,,,,
"313700","313000",,,,,,
"313800","313000",,,,,,
"314100","314000",,,,,,
"314200","314000",,,,,,
"314300","314000",,,,,,
"314400","314000",,,,,,
"314500","314000",,,,,,
"314600","314000",,,,,,
"314700","314000",,,,,,
"314800","314000",,,,,,
"315100","315000",,,,,,
"315200","315000",,,,,,
"315300","315000",,,,,,
"315400","315000",,,,,,
"315500","315000",,,,,,
"315600","315000",,,,,,
"315700","315000",,,,,,
"315800","315000",,,,,,
"316100","316000",,,,,,
"316200","316000",,,,,,
"316300","316000",,,,,,
"316400","316000",,,,,,
"316500","316000",,,,,,
"316600","316000",,,,,,
"316700","316000",,,,,,
"316800","316000",,,,,,
"317100","317000",,,,,,
"317200","317000",,,,,,
"317300","317000",,,,,,
"317400","317000",,,,,,
"317500","317000",,,,,,
"317600","317000",,,,,,
"317700","317000",,,,,,
"317800","317000",,,,,,
"318100","318000",,,,,,
"318200","318000",,,,,,
"318300","318000",,,,,,
"318400","318000",,,,,,
"318500","318000",,,,,,
"318600","318000",,,,,,
"318700","318000",,,,,,
"318800","318000",,,,,,
"319100","319000",,,,,,
"319200","319000",,,,,,
"319300","319000",,,,,,
"319400","319000",,,,,,
"319500","319000",,,,,,
"319600","319000",,,,,,
"319700","319000",,,,,,
"319800","319000",,,,,,
"320100","320000",,,,,,
"320200","320000",,,,,,
"320300","320000",,,,,,
"320400","320000",,,,,,
"320500","320000",,,,,,
"320600","320000",,,,,,
"320700","320000",,,,,,
"320800","320000",,,,,,
"101000","200000",,,,,,
"110000","200000",,,,,,
"111000","200000",,,,,,
"120000","200000",,,,,,
"121000","200000",,,,,,
"130000","200000",,,,,,
"131000","200000",,,,,,
"140000","200000",,,,,,
"141000","200000",,,,,,
"150000","200000",,,,,,
"151000","200000",,,,,,
"160000","200000",,,,,,
"161000","200000",,,,,,
"170000","200000",,,,,,
"171000","200000",,,,,,
"180000","200000",,,,,,
"181000","200000",,,,,,
"190000","200000",,,,,,
"191000","200000",,,,,,
"200000","200000",,,,,,
"201000","200000",,,,,,
"210000","200000",,,,,,
"211000","200000",,,,,,
"220000","200000",,,,,,
"201000","200000",,,,,,
"210000","200000",,,,,,
"211000","200000",,,,,,
"220000","200000",,,,,,
"221000","200000",,,,,,
"230000","200000",,,,,,
"231000","200000",,,,,,
"240000","200000",,,,,,
"241000","200000",,,,,,
"250000","200000",,,,,,
"251000","200000",,,,,,
"260000","200000",,,,,,
"261000","200000",,,,,,
"270000","200000",,,,,,
"271000","200000",,,,,,
"280000","200000",,,,,,
"281000","200000",,,,,,
"290000","200000",,,,,,
"291000","200000",,,,,,
"300000","200000",,,,,,
"301000","200000",,,,,,
"310000","200000",,,,,,
"311000","200000",,,,,,
"320000","200000",,,,,,
